aum_label,htb_tier,total_short_notional,total_borrow_cost,n_rows,short_notional_share,borrow_cost_share
50M,A,36925604616.49861,586120.7081983907,281795,0.8390976350588047,0.44609338839952145
50M,B,6384302813.100327,506690.6994524069,44676,0.14507693096995872,0.3856396264926719
50M,C,696419216.6569881,221085.46560539308,6459,0.01582543397123649,0.1682669851078066
250M,A,186417422650.3333,2959006.7087354497,281795,0.847327554130161,0.46963440574179477
250M,B,30750261559.546986,2440496.9491703957,44676,0.13976989674933193,0.3873398904621317
250M,C,2838642436.375613,901156.3290081312,6459,0.012902549120506946,0.14302570379607357
1B,A,674127027345.7123,10700429.005487496,281795,0.88568597791446,0.5607771980018534
1B,B,80811087992.11914,6413578.412072948,44676,0.10617175189732697,0.33611629302367296
1B,C,6197370777.790269,1967419.2945365934,6459,0.008142270188213042,0.1031065089744736
